<ImportExportXml version="9.2.21093.147" SolutionPackageVersion="9.2" languagecode="1049" generatedBy="CrmLive" xmlns:xsi="http://www.w3.org/2001/XMLSchema-instance">
  <SolutionManifest>
    <UniqueName>Auto</UniqueName>
    <LocalizedNames>
      <LocalizedName description="ООО “АвтоДилер”" languagecode="1049" />
    </LocalizedNames>
    <Descriptions>
      <Description description="Обновление ООО “АвтоДилер”" languagecode="1049" />
    </Descriptions>
    <Version>1.2.0.0</Version>
    <Managed>0</Managed>
    <Publisher>
      <UniqueName>Navicon</UniqueName>
      <LocalizedNames>
        <LocalizedName description="Навикон" languagecode="1049" />
      </LocalizedNames>
      <Descriptions />
      <EMailAddress xsi:nil="true"></EMailAddress>
      <SupportingWebsiteUrl xsi:nil="true"></SupportingWebsiteUrl>
      <CustomizationPrefix>nav</CustomizationPrefix>
      <CustomizationOptionValuePrefix>80863</CustomizationOptionValuePrefix>
      <Addresses>
        <Address>
          <AddressNumber>1</AddressNumber>
          <AddressTypeCode>1</AddressTypeCode>
          <City xsi:nil="true"></City>
          <County xsi:nil="true"></County>
          <Country xsi:nil="true"></Country>
          <Fax xsi:nil="true"></Fax>
          <FreightTermsCode xsi:nil="true"></FreightTermsCode>
          <ImportSequenceNumber xsi:nil="true"></ImportSequenceNumber>
          <Latitude xsi:nil="true"></Latitude>
          <Line1 xsi:nil="true"></Line1>
          <Line2 xsi:nil="true"></Line2>
          <Line3 xsi:nil="true"></Line3>
          <Longitude xsi:nil="true"></Longitude>
          <Name xsi:nil="true"></Name>
          <PostalCode xsi:nil="true"></PostalCode>
          <PostOfficeBox xsi:nil="true"></PostOfficeBox>
          <PrimaryContactName xsi:nil="true"></PrimaryContactName>
          <ShippingMethodCode>1</ShippingMethodCode>
          <StateOrProvince xsi:nil="true"></StateOrProvince>
          <Telephone1 xsi:nil="true"></Telephone1>
          <Telephone2 xsi:nil="true"></Telephone2>
          <Telephone3 xsi:nil="true"></Telephone3>
          <TimeZoneRuleVersionNumber xsi:nil="true"></TimeZoneRuleVersionNumber>
          <UPSZone xsi:nil="true"></UPSZone>
          <UTCOffset xsi:nil="true"></UTCOffset>
          <UTCConversionTimeZoneCode xsi:nil="true"></UTCConversionTimeZoneCode>
        </Address>
        <Address>
          <AddressNumber>2</AddressNumber>
          <AddressTypeCode>1</AddressTypeCode>
          <City xsi:nil="true"></City>
          <County xsi:nil="true"></County>
          <Country xsi:nil="true"></Country>
          <Fax xsi:nil="true"></Fax>
          <FreightTermsCode xsi:nil="true"></FreightTermsCode>
          <ImportSequenceNumber xsi:nil="true"></ImportSequenceNumber>
          <Latitude xsi:nil="true"></Latitude>
          <Line1 xsi:nil="true"></Line1>
          <Line2 xsi:nil="true"></Line2>
          <Line3 xsi:nil="true"></Line3>
          <Longitude xsi:nil="true"></Longitude>
          <Name xsi:nil="true"></Name>
          <PostalCode xsi:nil="true"></PostalCode>
          <PostOfficeBox xsi:nil="true"></PostOfficeBox>
          <PrimaryContactName xsi:nil="true"></PrimaryContactName>
          <ShippingMethodCode>1</ShippingMethodCode>
          <StateOrProvince xsi:nil="true"></StateOrProvince>
          <Telephone1 xsi:nil="true"></Telephone1>
          <Telephone2 xsi:nil="true"></Telephone2>
          <Telephone3 xsi:nil="true"></Telephone3>
          <TimeZoneRuleVersionNumber xsi:nil="true"></TimeZoneRuleVersionNumber>
          <UPSZone xsi:nil="true"></UPSZone>
          <UTCOffset xsi:nil="true"></UTCOffset>
          <UTCConversionTimeZoneCode xsi:nil="true"></UTCConversionTimeZoneCode>
        </Address>
      </Addresses>
    </Publisher>
    <RootComponents>
      <RootComponent type="1" schemaName="contact" behavior="0" />
      <RootComponent type="1" schemaName="nav_agreement" behavior="0" />
      <RootComponent type="1" schemaName="nav_auto" behavior="0" />
      <RootComponent type="1" schemaName="nav_brand" behavior="0" />
      <RootComponent type="1" schemaName="nav_communication" behavior="0" />
      <RootComponent type="1" schemaName="nav_credit" behavior="0" />
      <RootComponent type="1" schemaName="nav_invoice" behavior="0" />
      <RootComponent type="1" schemaName="nav_model" behavior="0" />
      <RootComponent type="60" id="{70ad8b15-e3f3-4d7d-9e4b-16cb4e51b484}" />
      <RootComponent type="61" schemaName="nav_Agreement" behavior="0" />
      <RootComponent type="61" schemaName="nav_Auto" behavior="0" />
      <RootComponent type="61" schemaName="nav_Base" behavior="0" />
      <RootComponent type="61" schemaName="nav_Communication" behavior="0" />
      <RootComponent type="61" schemaName="nav_Credit" behavior="0" />
    </RootComponents>
    <MissingDependencies>
      <MissingDependency>
        <Required type="1" schemaName="contract" displayName="Контракт" solution="msdynce_Service (9.0.5.56)">
          <package>msdynce_ServiceAnchor (9.0.21093.5014)</package>
        </Required>
        <Dependent type="10" schemaName="nav_contract_nav_communication_contactid" displayName="nav_contract_nav_communication_contactid" parentSchemaName="contract" parentDisplayName="Контракт" />
      </MissingDependency>
      <MissingDependency>
        <Required type="1" schemaName="entitlement" displayName="Объем обслуживания" solution="msdynce_Service (9.0.5.56)">
          <package>msdynce_ServiceAnchor (9.0.21093.5014)</package>
        </Required>
        <Dependent type="60" displayName="Contact" parentDisplayName="Контакт" id="{1fed44d1-ae68-4a41-bd2b-f13acac4acfa}" />
      </MissingDependency>
      <MissingDependency>
        <Required type="1" schemaName="incident" displayName="Обращение" solution="msdynce_Service (9.0.5.56)">
          <package>msdynce_ServiceAnchor (9.0.21093.5014)</package>
        </Required>
        <Dependent type="60" displayName="Contact" parentDisplayName="Контакт" id="{1fed44d1-ae68-4a41-bd2b-f13acac4acfa}" />
      </MissingDependency>
      <MissingDependency>
        <Required type="1" schemaName="incident" displayName="Обращение" solution="msdynce_Service (9.0.5.56)">
          <package>msdynce_ServiceAnchor (9.0.21093.5014)</package>
        </Required>
        <Dependent type="60" displayName="Контакт для многосеансовой работы" parentDisplayName="Контакт" id="{e06af4d1-2812-45c7-a9c2-9fb73fee7bec}" />
      </MissingDependency>
      <MissingDependency>
        <Required type="1" schemaName="msdyn_contactkpiitem" displayName="Элемент KPI по контактам" solution="RelationshipAnalytics (9.0.1.1191)">
          <package>SalesInsightsAddOn (9.0.21094.10002)</package>
        </Required>
        <Dependent type="1" schemaName="contact" displayName="Контакт" />
      </MissingDependency>
      <MissingDependency>
        <Required type="1" schemaName="msdyn_contactkpiitem" displayName="Элемент KPI по контактам" solution="RelationshipAnalytics (9.0.1.1191)">
          <package>SalesInsightsAddOn (9.0.21094.10002)</package>
        </Required>
        <Dependent type="10" schemaName="msdyn_msdyn_contactkpiitem_contact_contactkpiid" displayName="msdyn_msdyn_contactkpiitem_contact_contactkpiid" parentSchemaName="msdyn_contactkpiitem" parentDisplayName="Элемент KPI по контактам" />
      </MissingDependency>
      <MissingDependency>
        <Required type="1" schemaName="msdyn_mostcontacted" displayName="Самые популярные контакты" solution="RelationshipAnalytics (9.0.1.1191)">
          <package>SalesInsightsAddOn (9.0.21094.10002)</package>
        </Required>
        <Dependent type="1" schemaName="contact" displayName="Контакт" />
      </MissingDependency>
      <MissingDependency>
        <Required type="1" schemaName="msdyn_mostcontactedby" displayName="Самые популярные контакты по" solution="RelationshipAnalytics (9.0.1.1191)">
          <package>SalesInsightsAddOn (9.0.21094.10002)</package>
        </Required>
        <Dependent type="1" schemaName="contact" displayName="Контакт" />
      </MissingDependency>
      <MissingDependency>
        <Required type="1" schemaName="msdyn_salespremiumdemo" displayName="Sales Premium Demo" solution="msdyn_SalesPremiumSampleData (9.0.1.803)" />
        <Dependent type="1" schemaName="contact" displayName="Контакт" />
      </MissingDependency>
      <MissingDependency>
        <Required type="1" schemaName="msdyn_sequencetarget" displayName="Цель последовательности" solution="msdyn_Sequence (9.1.2109.4003)">
          <package>SalesInsightsAddOn (9.0.21094.10002)</package>
        </Required>
        <Dependent type="1" schemaName="contact" displayName="Контакт" />
      </MissingDependency>
      <MissingDependency>
        <Required type="1" schemaName="opportunity" displayName="Возможная сделка" solution="msdynce_Sales (9.0.4.0076)">
          <package>msdynce_SalesAnchor (9.0.21093.10001)</package>
        </Required>
        <Dependent type="60" displayName="Contact" parentDisplayName="Контакт" id="{1fed44d1-ae68-4a41-bd2b-f13acac4acfa}" />
      </MissingDependency>
      <MissingDependency>
        <Required type="1" schemaName="opportunity" displayName="Возможная сделка" solution="msdynce_Sales (9.0.4.0076)">
          <package>msdynce_SalesAnchor (9.0.21093.10001)</package>
        </Required>
        <Dependent type="60" displayName="Sales Insights" parentDisplayName="Контакт" id="{293c878f-f068-40a0-ae48-4297e060871c}" />
      </MissingDependency>
      <MissingDependency>
        <Required type="10" schemaName="msdyn_msdyn_contactkpiitem_contact_contactkpiid" displayName="msdyn_msdyn_contactkpiitem_contact_contactkpiid" parentSchemaName="msdyn_contactkpiitem" parentDisplayName="Элемент KPI по контактам" solution="RelationshipAnalytics (9.0.1.1191)">
          <package>SalesInsightsAddOn (9.0.21094.10002)</package>
        </Required>
        <Dependent type="10" schemaName="msdyn_msdyn_contactkpiitem_contact_contactkpiid" displayName="msdyn_msdyn_contactkpiitem_contact_contactkpiid" parentSchemaName="msdyn_contactkpiitem" parentDisplayName="Элемент KPI по контактам" />
      </MissingDependency>
      <MissingDependency>
        <Required type="10" schemaName="msdyn_msdyn_contactkpiitem_contact_contactkpiid" displayName="msdyn_msdyn_contactkpiitem_contact_contactkpiid" parentSchemaName="msdyn_contactkpiitem" parentDisplayName="Элемент KPI по контактам" solution="RelationshipAnalytics (9.0.1.1191)">
          <package>SalesInsightsAddOn (9.0.21094.10002)</package>
        </Required>
        <Dependent type="2" schemaName="msdyn_contactkpiidname" parentSchemaName="contact" parentDisplayName="Контакт" />
      </MissingDependency>
      <MissingDependency>
        <Required type="2" schemaName="businesscard" displayName="Визитная карточка" parentSchemaName="contact" parentDisplayName="Контакт" solution="msdynce_SalesPatch201904 (9.0.1912.1007)">
          <package>msdynce_SalesAnchor (9.0.21093.10001)</package>
        </Required>
        <Dependent type="60" displayName="Contact" parentDisplayName="Контакт" id="{1fed44d1-ae68-4a41-bd2b-f13acac4acfa}" />
      </MissingDependency>
      <MissingDependency>
        <Required type="2" schemaName="businesscardattributes" displayName="BusinessCardAttributes" parentSchemaName="contact" parentDisplayName="Контакт" solution="msdynce_SalesPatch201904 (9.0.1912.1007)">
          <package>msdynce_SalesAnchor (9.0.21093.10001)</package>
        </Required>
        <Dependent type="60" displayName="Contact" parentDisplayName="Контакт" id="{1fed44d1-ae68-4a41-bd2b-f13acac4acfa}" />
      </MissingDependency>
      <MissingDependency>
        <Required type="2" schemaName="defaultpricelevelid" displayName="Прайс-лист" parentSchemaName="contact" parentDisplayName="Контакт" solution="msdynce_ProductManagement (9.0.4.0066)">
          <package>msdynce_ProductManagementAnchor (9.0.21093.10001)</package>
        </Required>
        <Dependent type="60" displayName="Сведения" parentDisplayName="Контакт" id="{894cc46a-b0cb-4ab0-8bf6-200544e46a2d}" />
      </MissingDependency>
      <MissingDependency>
        <Required type="2" schemaName="msdyn_contactkpiid" displayName="КПЭ" parentSchemaName="contact" parentDisplayName="Контакт" solution="RelationshipAnalytics (9.0.1.1191)">
          <package>SalesInsightsAddOn (9.0.21094.10002)</package>
        </Required>
        <Dependent type="10" schemaName="msdyn_msdyn_contactkpiitem_contact_contactkpiid" displayName="msdyn_msdyn_contactkpiitem_contact_contactkpiid" parentSchemaName="msdyn_contactkpiitem" parentDisplayName="Элемент KPI по контактам" />
      </MissingDependency>
      <MissingDependency>
        <Required type="2" schemaName="originatingleadid" displayName="Источник интереса" parentSchemaName="contact" parentDisplayName="Контакт" solution="msdynce_LeadManagement (9.0.4.0066)">
          <package>msdynce_LeadManagementAnchor (9.0.21093.10001)</package>
        </Required>
        <Dependent type="60" displayName="Contact" parentDisplayName="Контакт" id="{1fed44d1-ae68-4a41-bd2b-f13acac4acfa}" />
      </MissingDependency>
      <MissingDependency>
        <Required type="2" schemaName="originatingleadid" displayName="Источник интереса" parentSchemaName="contact" parentDisplayName="Контакт" solution="msdynce_LeadManagement (9.0.4.0066)">
          <package>msdynce_LeadManagementAnchor (9.0.21093.10001)</package>
        </Required>
        <Dependent type="60" displayName="Sales Insights" parentDisplayName="Контакт" id="{293c878f-f068-40a0-ae48-4297e060871c}" />
      </MissingDependency>
      <MissingDependency>
        <Required type="2" schemaName="originatingleadid" displayName="Источник интереса" parentSchemaName="contact" parentDisplayName="Контакт" solution="msdynce_LeadManagement (9.0.4.0066)">
          <package>msdynce_LeadManagementAnchor (9.0.21093.10001)</package>
        </Required>
        <Dependent type="60" displayName="Сведения" parentDisplayName="Контакт" id="{894cc46a-b0cb-4ab0-8bf6-200544e46a2d}" />
      </MissingDependency>
      <MissingDependency>
        <Required type="2" schemaName="originatingleadid" displayName="Источник интереса" parentSchemaName="contact" parentDisplayName="Контакт" solution="msdynce_LeadManagement (9.0.4.0066)">
          <package>msdynce_LeadManagementAnchor (9.0.21093.10001)</package>
        </Required>
        <Dependent type="60" displayName="Контакт для многосеансовой работы" parentDisplayName="Контакт" id="{e06af4d1-2812-45c7-a9c2-9fb73fee7bec}" />
      </MissingDependency>
      <MissingDependency>
        <Required type="2" schemaName="preferredequipmentid" displayName="Основное помещение/оборудование" parentSchemaName="contact" parentDisplayName="Контакт" solution="msdynce_Service (9.0.5.56)">
          <package>msdynce_ServiceAnchor (9.0.21093.5014)</package>
        </Required>
        <Dependent type="60" displayName="Сведения" parentDisplayName="Контакт" id="{894cc46a-b0cb-4ab0-8bf6-200544e46a2d}" />
      </MissingDependency>
      <MissingDependency>
        <Required type="2" schemaName="preferredserviceid" displayName="Основной сервис" parentSchemaName="contact" parentDisplayName="Контакт" solution="msdynce_Service (9.0.5.56)">
          <package>msdynce_ServiceAnchor (9.0.21093.5014)</package>
        </Required>
        <Dependent type="60" displayName="Сведения" parentDisplayName="Контакт" id="{894cc46a-b0cb-4ab0-8bf6-200544e46a2d}" />
      </MissingDependency>
      <MissingDependency>
        <Required type="2" schemaName="contractid" displayName="Контракт" parentSchemaName="contract" parentDisplayName="Контракт" solution="msdynce_Service (9.0.5.56)">
          <package>msdynce_ServiceAnchor (9.0.21093.5014)</package>
        </Required>
        <Dependent type="10" schemaName="nav_contract_nav_communication_contactid" displayName="nav_contract_nav_communication_contactid" parentSchemaName="contract" parentDisplayName="Контракт" />
      </MissingDependency>
      <MissingDependency>
        <Required type="2" schemaName="title" displayName="Название контракта" parentSchemaName="contract" parentDisplayName="Контракт" solution="msdynce_Service (9.0.5.56)">
          <package>msdynce_ServiceAnchor (9.0.21093.5014)</package>
        </Required>
        <Dependent type="10" schemaName="nav_contract_nav_communication_contactid" displayName="nav_contract_nav_communication_contactid" parentSchemaName="contract" parentDisplayName="Контракт" />
      </MissingDependency>
      <MissingDependency>
        <Required type="2" schemaName="msdyn_contactkpiitemid" displayName="Уникальный идентификатор экземпляров сущности" parentSchemaName="msdyn_contactkpiitem" parentDisplayName="Элемент KPI по контактам" solution="RelationshipAnalytics (9.0.1.1191)">
          <package>SalesInsightsAddOn (9.0.21094.10002)</package>
        </Required>
        <Dependent type="10" schemaName="msdyn_msdyn_contactkpiitem_contact_contactkpiid" displayName="msdyn_msdyn_contactkpiitem_contact_contactkpiid" parentSchemaName="msdyn_contactkpiitem" parentDisplayName="Элемент KPI по контактам" />
      </MissingDependency>
      <MissingDependency>
        <Required type="2" schemaName="msdyn_name" displayName="Имя настраиваемой сущности" parentSchemaName="msdyn_contactkpiitem" parentDisplayName="Элемент KPI по контактам" solution="RelationshipAnalytics (9.0.1.1191)">
          <package>SalesInsightsAddOn (9.0.21094.10002)</package>
        </Required>
        <Dependent type="10" schemaName="msdyn_msdyn_contactkpiitem_contact_contactkpiid" displayName="msdyn_msdyn_contactkpiitem_contact_contactkpiid" parentSchemaName="msdyn_contactkpiitem" parentDisplayName="Элемент KPI по контактам" />
      </MissingDependency>
      <MissingDependency>
        <Required type="20" displayName="Доступ к приложению для обслуживания клиентов" solution="msdynce_Customerservicehub (9.0.5.0056)" id="{3dac4d9e-568c-e611-80d4-00155d42a122}">
          <package>msdynce_ServiceAnchor (9.0.21093.5014)</package>
        </Required>
        <Dependent type="60" displayName="Контакт для многосеансовой работы" parentDisplayName="Контакт" id="{e06af4d1-2812-45c7-a9c2-9fb73fee7bec}" />
      </MissingDependency>
      <MissingDependency>
        <Required type="20" displayName="Представитель отдела обслуживания клиентов" solution="msdynce_Service (9.0.5.56)" id="{3fb0745c-9129-41d8-9bee-effc1fc2ba0a}" parentId="{ecfd0b44-5720-45e3-ae68-417ddb0fb654}">
          <package>msdynce_ServiceAnchor (9.0.21093.5014)</package>
        </Required>
        <Dependent type="60" displayName="Контакт для многосеансовой работы" parentDisplayName="Контакт" id="{e06af4d1-2812-45c7-a9c2-9fb73fee7bec}" />
      </MissingDependency>
      <MissingDependency>
        <Required type="20" displayName="Управляющий обслуживанием" solution="msdynce_Service (9.0.5.56)" id="{b4287493-0040-4936-8885-1a2e011f6c80}" parentId="{1808b939-dd07-4ca7-aa99-ddd2734378f1}">
          <package>msdynce_ServiceAnchor (9.0.21093.5014)</package>
        </Required>
        <Dependent type="60" displayName="Контакт для многосеансовой работы" parentDisplayName="Контакт" id="{e06af4d1-2812-45c7-a9c2-9fb73fee7bec}" />
      </MissingDependency>
      <MissingDependency>
        <Required type="26" schemaName="Мои активные обращения" displayName="Мои активные обращения" parentSchemaName="incident" parentDisplayName="Обращение" solution="msdynce_Service (9.0.5.56)" id="{00000000-0000-0000-00aa-000010001028}">
          <package>msdynce_ServiceAnchor (9.0.21093.5014)</package>
        </Required>
        <Dependent type="60" displayName="Contact" parentDisplayName="Контакт" id="{1fed44d1-ae68-4a41-bd2b-f13acac4acfa}" />
      </MissingDependency>
      <MissingDependency>
        <Required type="26" schemaName="Мои активные обращения" displayName="Мои активные обращения" parentSchemaName="incident" parentDisplayName="Обращение" solution="msdynce_Service (9.0.5.56)" id="{00000000-0000-0000-00aa-000010001028}">
          <package>msdynce_ServiceAnchor (9.0.21093.5014)</package>
        </Required>
        <Dependent type="60" displayName="Контакт для многосеансовой работы" parentDisplayName="Контакт" id="{e06af4d1-2812-45c7-a9c2-9fb73fee7bec}" />
      </MissingDependency>
      <MissingDependency>
        <Required type="26" schemaName="Мои открытые возможные сделки" displayName="Мои открытые возможные сделки" parentSchemaName="opportunity" parentDisplayName="Возможная сделка" solution="msdynce_Sales (9.0.4.0076)" id="{00000000-0000-0000-00aa-000010003000}">
          <package>msdynce_SalesAnchor (9.0.21093.10001)</package>
        </Required>
        <Dependent type="60" displayName="Contact" parentDisplayName="Контакт" id="{1fed44d1-ae68-4a41-bd2b-f13acac4acfa}" />
      </MissingDependency>
      <MissingDependency>
        <Required type="26" schemaName="Мои открытые возможные сделки" displayName="Мои открытые возможные сделки" parentSchemaName="opportunity" parentDisplayName="Возможная сделка" solution="msdynce_Sales (9.0.4.0076)" id="{00000000-0000-0000-00aa-000010003000}">
          <package>msdynce_SalesAnchor (9.0.21093.10001)</package>
        </Required>
        <Dependent type="60" displayName="Sales Insights" parentDisplayName="Контакт" id="{293c878f-f068-40a0-ae48-4297e060871c}" />
      </MissingDependency>
      <MissingDependency>
        <Required type="26" schemaName="Все контакты" displayName="Все контакты" parentSchemaName="contact" parentDisplayName="Контакт" solution="msdynce_AppCommon (9.0.4.0066)" id="{0d5d377b-5e7c-47b5-bab1-a5cb8b4ac105}">
          <package>msdynce_AppCommonAnchor (9.0.21093.10003)</package>
        </Required>
        <Dependent type="26" schemaName="Все контакты" displayName="Все контакты" parentSchemaName="contact" parentDisplayName="Контакт" id="{0d5d377b-5e7c-47b5-bab1-a5cb8b4ac105}" />
      </MissingDependency>
      <MissingDependency>
        <Required type="26" schemaName="Активные сервисы" displayName="Активные сервисы" parentSchemaName="service" parentDisplayName="Сервис" solution="msdynce_Service (9.0.5.56)" id="{2bd4de5e-a7b4-4f5d-8fde-eb3b62d8e2b2}">
          <package>msdynce_ServiceAnchor (9.0.21093.5014)</package>
        </Required>
        <Dependent type="60" displayName="Сведения" parentDisplayName="Контакт" id="{894cc46a-b0cb-4ab0-8bf6-200544e46a2d}" />
      </MissingDependency>
      <MissingDependency>
        <Required type="26" schemaName="Последние возможные сделки" displayName="Последние возможные сделки" parentSchemaName="opportunity" parentDisplayName="Возможная сделка" solution="msdynce_Sales (9.0.4.0076)" id="{9c3f7ee8-eca7-e211-9fb6-00155dd0ea05}">
          <package>msdynce_SalesAnchor (9.0.21093.10001)</package>
        </Required>
        <Dependent type="60" displayName="Contact" parentDisplayName="Контакт" id="{1fed44d1-ae68-4a41-bd2b-f13acac4acfa}" />
      </MissingDependency>
      <MissingDependency>
        <Required type="26" schemaName="Последние возможные сделки" displayName="Последние возможные сделки" parentSchemaName="opportunity" parentDisplayName="Возможная сделка" solution="msdynce_Sales (9.0.4.0076)" id="{9c3f7ee8-eca7-e211-9fb6-00155dd0ea05}">
          <package>msdynce_SalesAnchor (9.0.21093.10001)</package>
        </Required>
        <Dependent type="60" displayName="Sales Insights" parentDisplayName="Контакт" id="{293c878f-f068-40a0-ae48-4297e060871c}" />
      </MissingDependency>
      <MissingDependency>
        <Required type="26" schemaName="Все объемы обслуживания" displayName="Все объемы обслуживания" parentSchemaName="entitlement" parentDisplayName="Объем обслуживания" solution="msdynce_Service (9.0.5.56)" id="{aa69e7e2-913a-4a5a-8609-8ca443554909}">
          <package>msdynce_ServiceAnchor (9.0.21093.5014)</package>
        </Required>
        <Dependent type="60" displayName="Contact" parentDisplayName="Контакт" id="{1fed44d1-ae68-4a41-bd2b-f13acac4acfa}" />
      </MissingDependency>
      <MissingDependency>
        <Required type="26" schemaName="Последние обращения" displayName="Последние обращения" parentSchemaName="incident" parentDisplayName="Обращение" solution="msdynce_Service (9.0.5.56)" id="{ebd1d24a-eea7-e211-9fb6-00155dd0ea05}">
          <package>msdynce_ServiceAnchor (9.0.21093.5014)</package>
        </Required>
        <Dependent type="60" displayName="Contact" parentDisplayName="Контакт" id="{1fed44d1-ae68-4a41-bd2b-f13acac4acfa}" />
      </MissingDependency>
      <MissingDependency>
        <Required type="59" schemaName="Активные обращения по агентам" displayName="Активные обращения по агентам" parentSchemaName="incident" parentDisplayName="Обращение" solution="msdynce_Service (9.0.5.56)" id="{4143b74e-4a07-4d01-9ffe-2cdcaa4208fd}">
          <package>msdynce_ServiceAnchor (9.0.21093.5014)</package>
        </Required>
        <Dependent type="60" displayName="Контакт для многосеансовой работы" parentDisplayName="Контакт" id="{e06af4d1-2812-45c7-a9c2-9fb73fee7bec}" />
      </MissingDependency>
      <MissingDependency>
        <Required type="59" schemaName="Главные клиенты" displayName="Главные клиенты" parentSchemaName="opportunity" parentDisplayName="Возможная сделка" solution="msdynce_Sales (9.0.4.0076)" id="{8bc5fb18-48f2-4782-9e16-3d452fa4ddce}">
          <package>msdynce_SalesAnchor (9.0.21093.10001)</package>
        </Required>
        <Dependent type="60" displayName="Contact" parentDisplayName="Контакт" id="{1fed44d1-ae68-4a41-bd2b-f13acac4acfa}" />
      </MissingDependency>
      <MissingDependency>
        <Required type="59" schemaName="Главные клиенты" displayName="Главные клиенты" parentSchemaName="opportunity" parentDisplayName="Возможная сделка" solution="msdynce_Sales (9.0.4.0076)" id="{8bc5fb18-48f2-4782-9e16-3d452fa4ddce}">
          <package>msdynce_SalesAnchor (9.0.21093.10001)</package>
        </Required>
        <Dependent type="60" displayName="Sales Insights" parentDisplayName="Контакт" id="{293c878f-f068-40a0-ae48-4297e060871c}" />
      </MissingDependency>
      <MissingDependency>
        <Required type="59" schemaName="Набор обращений (по бизнес-единице)" displayName="Набор обращений (по бизнес-единице)" parentSchemaName="incident" parentDisplayName="Обращение" solution="msdynce_Service (9.0.5.56)" id="{f10375a6-4893-de11-97d4-00155da3b01e}">
          <package>msdynce_ServiceAnchor (9.0.21093.5014)</package>
        </Required>
        <Dependent type="60" displayName="Contact" parentDisplayName="Контакт" id="{1fed44d1-ae68-4a41-bd2b-f13acac4acfa}" />
      </MissingDependency>
      <MissingDependency>
        <Required type="59" schemaName="Истечение срока действий объема обслуживания" displayName="Истечение срока действий объема обслуживания" parentSchemaName="entitlement" parentDisplayName="Объем обслуживания" solution="msdynce_Service (9.0.5.56)" id="{fdb919bb-c6fc-4fc8-8fa5-67ace68e41d1}">
          <package>msdynce_ServiceAnchor (9.0.21093.5014)</package>
        </Required>
        <Dependent type="60" displayName="Contact" parentDisplayName="Контакт" id="{1fed44d1-ae68-4a41-bd2b-f13acac4acfa}" />
      </MissingDependency>
      <MissingDependency>
        <Required type="60" displayName="Contact" parentDisplayName="Контакт" solution="msdynce_AppCommon (9.0.4.0066)" id="{1fed44d1-ae68-4a41-bd2b-f13acac4acfa}">
          <package>msdynce_AppCommonAnchor (9.0.21093.10003)</package>
        </Required>
        <Dependent type="60" displayName="Contact" parentDisplayName="Контакт" id="{1fed44d1-ae68-4a41-bd2b-f13acac4acfa}" />
      </MissingDependency>
      <MissingDependency>
        <Required type="60" displayName="Sales Insights" parentDisplayName="Контакт" solution="SICommon (9.0.2.2187)" id="{293c878f-f068-40a0-ae48-4297e060871c}">
          <package>msdynce_SalesInsightsAnchor (9.0.21093.10000)</package>
          <package>SalesInsightsAddOn (9.0.21094.10002)</package>
        </Required>
        <Dependent type="60" displayName="Sales Insights" parentDisplayName="Контакт" id="{293c878f-f068-40a0-ae48-4297e060871c}" />
      </MissingDependency>
      <MissingDependency>
        <Required type="60" displayName="карточка контакта организации" parentDisplayName="Контакт" solution="msdynce_AppCommon (9.0.4.0066)" id="{29de27bc-a257-4f29-99cf-bab4a84e688f}">
          <package>msdynce_AppCommonAnchor (9.0.21093.10003)</package>
        </Required>
        <Dependent type="60" displayName="Contact" parentDisplayName="Контакт" id="{1fed44d1-ae68-4a41-bd2b-f13acac4acfa}" />
      </MissingDependency>
      <MissingDependency>
        <Required type="60" displayName="карточка контакта организации" parentDisplayName="Контакт" solution="msdynce_AppCommon (9.0.4.0066)" id="{29de27bc-a257-4f29-99cf-bab4a84e688f}">
          <package>msdynce_AppCommonAnchor (9.0.21093.10003)</package>
        </Required>
        <Dependent type="60" displayName="Sales Insights" parentDisplayName="Контакт" id="{293c878f-f068-40a0-ae48-4297e060871c}" />
      </MissingDependency>
      <MissingDependency>
        <Required type="60" displayName="карточка контакта" parentDisplayName="Контакт" solution="msdynce_AppCommon (9.0.4.0066)" id="{707fc57b-c5e6-471b-a180-e37ed28a38e2}">
          <package>msdynce_AppCommonAnchor (9.0.21093.10003)</package>
        </Required>
        <Dependent type="60" displayName="Контакт для многосеансовой работы" parentDisplayName="Контакт" id="{e06af4d1-2812-45c7-a9c2-9fb73fee7bec}" />
      </MissingDependency>
      <MissingDependency>
        <Required type="60" displayName="Панель мониторинга контактов" parentDisplayName="Контакт" solution="msdynce_Service (9.0.5.56)" id="{70ad8b15-e3f3-4d7d-9e4b-16cb4e51b484}">
          <package>msdynce_ServiceAnchor (9.0.21093.5014)</package>
        </Required>
        <Dependent type="60" displayName="Панель мониторинга контактов" parentDisplayName="Контакт" id="{70ad8b15-e3f3-4d7d-9e4b-16cb4e51b484}" />
      </MissingDependency>
      <MissingDependency>
        <Required type="60" displayName="Сведения" parentDisplayName="Контакт" solution="msdynce_AppCommon (9.0.4.0066)" id="{894cc46a-b0cb-4ab0-8bf6-200544e46a2d}">
          <package>msdynce_AppCommonAnchor (9.0.21093.10003)</package>
        </Required>
        <Dependent type="60" displayName="Сведения" parentDisplayName="Контакт" id="{894cc46a-b0cb-4ab0-8bf6-200544e46a2d}" />
      </MissingDependency>
      <MissingDependency>
        <Required type="60" displayName="Контакт для многосеансовой работы" parentDisplayName="Контакт" solution="msdynce_ServicePatch201911 (9.0.21093.5014)" id="{e06af4d1-2812-45c7-a9c2-9fb73fee7bec}">
          <package>msdynce_ServiceAnchor (9.0.21093.5014)</package>
        </Required>
        <Dependent type="60" displayName="Контакт для многосеансовой работы" parentDisplayName="Контакт" id="{e06af4d1-2812-45c7-a9c2-9fb73fee7bec}" />
      </MissingDependency>
      <MissingDependency>
        <Required type="61" schemaName="AppCommon/Contact/Contact_main_system_library.js" displayName="AppCommon/Contact/Contact_main_system_library.js" solution="msdynce_AppCommon (9.0.4.0066)">
          <package>msdynce_AppCommonAnchor (9.0.21093.10003)</package>
        </Required>
        <Dependent type="60" displayName="Contact" parentDisplayName="Контакт" id="{1fed44d1-ae68-4a41-bd2b-f13acac4acfa}" />
      </MissingDependency>
      <MissingDependency>
        <Required type="61" schemaName="AppCommon/Contact/Contact_main_system_library.js" displayName="AppCommon/Contact/Contact_main_system_library.js" solution="msdynce_AppCommon (9.0.4.0066)">
          <package>msdynce_AppCommonAnchor (9.0.21093.10003)</package>
        </Required>
        <Dependent type="60" displayName="Sales Insights" parentDisplayName="Контакт" id="{293c878f-f068-40a0-ae48-4297e060871c}" />
      </MissingDependency>
      <MissingDependency>
        <Required type="61" schemaName="AppCommon/Contact/Contact_main_system_library.js" displayName="AppCommon/Contact/Contact_main_system_library.js" solution="msdynce_AppCommon (9.0.4.0066)">
          <package>msdynce_AppCommonAnchor (9.0.21093.10003)</package>
        </Required>
        <Dependent type="60" displayName="Сведения" parentDisplayName="Контакт" id="{894cc46a-b0cb-4ab0-8bf6-200544e46a2d}" />
      </MissingDependency>
      <MissingDependency>
        <Required type="61" schemaName="msdyn_/ACI/Scripts/ACILoader.js" displayName="msdyn_/ACI/Scripts/ACILoader.js" solution="RelationshipAnalytics (9.0.1.1191)">
          <package>SalesInsightsAddOn (9.0.21094.10002)</package>
        </Required>
        <Dependent type="60" displayName="Sales Insights" parentDisplayName="Контакт" id="{293c878f-f068-40a0-ae48-4297e060871c}" />
      </MissingDependency>
      <MissingDependency>
        <Required type="61" schemaName="msdyn_talkingpointsloader.js" displayName="msdyn_talkingpointsloader.js" solution="msdynce_Talkingpoints (9.0.1.701524)">
          <package>msdynce_SalesInsightsAnchor (9.0.21093.10000)</package>
        </Required>
        <Dependent type="60" displayName="Contact" parentDisplayName="Контакт" id="{1fed44d1-ae68-4a41-bd2b-f13acac4acfa}" />
      </MissingDependency>
      <MissingDependency>
        <Required type="61" schemaName="msdyn_talkingpointsloader.js" displayName="msdyn_talkingpointsloader.js" solution="msdynce_Talkingpoints (9.0.1.701524)">
          <package>msdynce_SalesInsightsAnchor (9.0.21093.10000)</package>
        </Required>
        <Dependent type="60" displayName="Sales Insights" parentDisplayName="Контакт" id="{293c878f-f068-40a0-ae48-4297e060871c}" />
      </MissingDependency>
      <MissingDependency>
        <Required type="66" schemaName="Intelligence.BusinessCardReaderControl.BusinessCardReader" displayName="Intelligence.BusinessCardReaderControl.BusinessCardReader" solution="BaseCustomControlsCore (9.0.2109.3020)" />
        <Dependent type="60" displayName="Contact" parentDisplayName="Контакт" id="{1fed44d1-ae68-4a41-bd2b-f13acac4acfa}" />
      </MissingDependency>
      <MissingDependency>
        <Required type="66" schemaName="MscrmControls.AcceleratedSales.CadenceWidgetControl" displayName="MscrmControls.AcceleratedSales.CadenceWidgetControl" solution="msdyn_acceleratedsales (9.1.2109.4001)">
          <package>SalesInsightsAddOn (9.0.21094.10002)</package>
        </Required>
        <Dependent type="60" displayName="Sales Insights" parentDisplayName="Контакт" id="{293c878f-f068-40a0-ae48-4297e060871c}" />
      </MissingDependency>
      <MissingDependency>
        <Required type="66" schemaName="MscrmControls.CardFeedContainer.CardFeedContainer" displayName="MscrmControls.CardFeedContainer.CardFeedContainer" solution="BaseCustomControlsCore (9.0.2109.3020)" />
        <Dependent type="60" displayName="Contact" parentDisplayName="Контакт" id="{1fed44d1-ae68-4a41-bd2b-f13acac4acfa}" />
      </MissingDependency>
      <MissingDependency>
        <Required type="66" schemaName="MscrmControls.CardFeedContainer.CardFeedContainer" displayName="MscrmControls.CardFeedContainer.CardFeedContainer" solution="BaseCustomControlsCore (9.0.2109.3020)" />
        <Dependent type="60" displayName="Sales Insights" parentDisplayName="Контакт" id="{293c878f-f068-40a0-ae48-4297e060871c}" />
      </MissingDependency>
      <MissingDependency>
        <Required type="66" schemaName="MscrmControls.RAContainer.RAControl" displayName="MscrmControls.RAContainer.RAControl" solution="RelationshipAnalytics (9.0.1.1191)">
          <package>SalesInsightsAddOn (9.0.21094.10002)</package>
        </Required>
        <Dependent type="60" displayName="Sales Insights" parentDisplayName="Контакт" id="{293c878f-f068-40a0-ae48-4297e060871c}" />
      </MissingDependency>
      <MissingDependency>
        <Required type="66" schemaName="MscrmControls.RAContainer.RAControlv2" displayName="MscrmControls.RAContainer.RAControlv2" solution="RelationshipAnalytics (9.0.1.1191)">
          <package>SalesInsightsAddOn (9.0.21094.10002)</package>
        </Required>
        <Dependent type="60" displayName="Sales Insights" parentDisplayName="Контакт" id="{293c878f-f068-40a0-ae48-4297e060871c}" />
      </MissingDependency>
      <MissingDependency>
        <Required type="66" schemaName="MscrmControls.TalkingPointsControl.TalkingPoints" displayName="MscrmControls.TalkingPointsControl.TalkingPoints" solution="msdynce_Talkingpoints (9.0.1.701524)">
          <package>msdynce_SalesInsightsAnchor (9.0.21093.10000)</package>
        </Required>
        <Dependent type="60" displayName="Contact" parentDisplayName="Контакт" id="{1fed44d1-ae68-4a41-bd2b-f13acac4acfa}" />
      </MissingDependency>
      <MissingDependency>
        <Required type="66" schemaName="MscrmControls.TalkingPointsControl.TalkingPoints" displayName="MscrmControls.TalkingPointsControl.TalkingPoints" solution="msdynce_Talkingpoints (9.0.1.701524)">
          <package>msdynce_SalesInsightsAnchor (9.0.21093.10000)</package>
        </Required>
        <Dependent type="60" displayName="Sales Insights" parentDisplayName="Контакт" id="{293c878f-f068-40a0-ae48-4297e060871c}" />
      </MissingDependency>
      <MissingDependency>
        <Required type="66" schemaName="MsdynControls.RAControls.HealthWidget" displayName="MsdynControls.RAControls.HealthWidget" solution="RelationshipAnalytics (9.0.1.1191)">
          <package>SalesInsightsAddOn (9.0.21094.10002)</package>
        </Required>
        <Dependent type="60" displayName="Sales Insights" parentDisplayName="Контакт" id="{293c878f-f068-40a0-ae48-4297e060871c}" />
      </MissingDependency>
      <MissingDependency>
        <Required type="66" schemaName="MsdynControls.WKWControls.ConnectionsWidget" displayName="MsdynControls.WKWControls.ConnectionsWidget" solution="msdyn_connectiongraph (9.2.0.374)">
          <package>SalesInsightsAddOn (9.0.21094.10002)</package>
        </Required>
        <Dependent type="60" displayName="Sales Insights" parentDisplayName="Контакт" id="{293c878f-f068-40a0-ae48-4297e060871c}" />
      </MissingDependency>
    </MissingDependencies>
  </SolutionManifest>
</ImportExportXml>